{"cameraMode":{"drawMode":0,"name":"Shaded","section":"Shading Mode"},"sceneLighting":true,"audioPlay":false,"sceneViewState":{"showFog":true,"showMaterialUpdate":false,"showSkybox":true,"showFlares":true,"showImageEffects":true,"showParticleSystems":true},"in2DMode":false,"pivot":{"x":0.5410000085830689,"y":1.2089999914169312,"z":0.7329999804496765},"rotation":{"x":0.17953728139400483,"y":-0.24188022315502168,"z":0.04560505598783493,"w":0.952490508556366},"size":1.5069730281829835,"orthographic":false}